Workbook

Sheet Dashboard & KPI
A1: EXECUTIVE FINANCIAL DASHBOARD — PUK PT SAI
A3: Semua Kartu KPI dan Grafik Menggunakan Rumus Otomatis Range Bebas (SUM / SUMIF / MAX)
B5: TOTAL PEMASUKAN KAS | C5: TOTAL PENGELUARAN KAS | D5: AKUMULASI SURPLUS (B - C) | E5: SALDO KAS TERAKHIR
B6: =SUM(Data_Bulanan!E5:E1000) | C6: =SUM(Data_Bulanan!F5:F1000) | D6: =B6-C6 | E6: =LOOKUP(2,1/(Data_Bulanan!G5:G1000<>""),Data_Bulanan!G5:G1000)
B9: RINGKASAN PER TAHUN
B10: Tahun | C10: Total Pemasukan (Rp) | D10: Total Pengeluaran (Rp) | E10: Surplus Tahunan (Rp)
B11: 2023 | C11: =SUMIFS(Data_Bulanan!E:E, Data_Bulanan!B:B, B11) | D11: =SUMIFS(Data_Bulanan!F:F, Data_Bulanan!B:B, B11) | E11: =C11-D11
B12: 2024 | C12: =SUMIFS(Data_Bulanan!E:E, Data_Bulanan!B:B, B12) | D12: =SUMIFS(Data_Bulanan!F:F, Data_Bulanan!B:B, B12) | E12: =C12-D12
B13: 2025 | C13: =SUMIFS(Data_Bulanan!E:E, Data_Bulanan!B:B, B13) | D13: =SUMIFS(Data_Bulanan!F:F, Data_Bulanan!B:B, B13) | E13: =C13-D13
B14: 2026 | C14: =SUMIFS(Data_Bulanan!E:E, Data_Bulanan!B:B, B14) | D14: =SUMIFS(Data_Bulanan!F:F, Data_Bulanan!B:B, B14) | E14: =C14-D14
B15: TOTAL | C15: =SUM(C11:C14) | D15: =SUM(D11:D14) | E15: =C15-D15

Sheet Data_Bulanan
A1: TABEL KEUANGAN BULANAN (KONTINU & MURNI)
A3: Tabel bersih tanpa baris subtotal pemutus. Tambah baris baru di bawahnya tanpa merusak rumus!
A4: Periode | B4: Tahun | C4: Bulan | D4: Saldo Awal (Rp) | E4: Pemasukan (Rp) | F4: Total Pengeluaran (Rp) | G4: Saldo Akhir (Rp) | H4: Surplus/Defisit (Rp) | I4: Status
A5: 2023-03 | B5: 2023 | C5: Maret | D5: 6738000 | E5: =SUMIFS(Data_Transaksi!H:H, Data_Transaksi!A:A, A5, Data_Transaksi!G:G, "Pemasukan") | F5: =SUMIFS(Data_Transaksi!H:H, Data_Transaksi!A:A, A5, Data_Transaksi!G:G, "Pengeluaran") | G5: =D5+E5-F5 | H5: =E5-F5 | I5: =IF(H5>=0, "SURPLUS", "DEFISIT")
A6: 2023-04 | B6: 2023 | C6: April | D6: =G5 | E6: =SUMIFS(Data_Transaksi!H:H, Data_Transaksi!A:A, A6, Data_Transaksi!G:G, "Pemasukan") | F6: =SUMIFS(Data_Transaksi!H:H, Data_Transaksi!A:A, A6, Data_Transaksi!G:G, "Pengeluaran") | G6: =D6+E6-F6 | H6: =E6-F6 | I6: =IF(H6>=0, "SURPLUS", "DEFISIT")
A7: 2023-05 | B7: 2023 | C7: Mei | D7: =G6 | E7: =SUMIFS(Data_Transaksi!H:H, Data_Transaksi!A:A, A7, Data_Transaksi!G:G, "Pemasukan") | F7: =SUMIFS(Data_Transaksi!H:H, Data_Transaksi!A:A, A7, Data_Transaksi!G:G, "Pengeluaran") | G7: =D7+E7-F7 | H7: =E7-F7 | I7: =IF(H7>=0, "SURPLUS", "DEFISIT")
A8: 2023-06 | B8: 2023 | C8: Juni | D8: =G7 | E8: =SUMIFS(Data_Transaksi!H:H, Data_Transaksi!A:A, A8, Data_Transaksi!G:G, "Pemasukan") | F8: =SUMIFS(Data_Transaksi!H:H, Data_Transaksi!A:A, A8, Data_Transaksi!G:G, "Pengeluaran") | G8: =D8+E8-F8 | H8: =E8-F8 | I8: =IF(H8>=0, "SURPLUS", "DEFISIT")
A9: 2023-07 | B9: 2023 | C9: Juli | D9: =G8 | E9: =SUMIFS(Data_Transaksi!H:H, Data_Transaksi!A:A, A9, Data_Transaksi!G:G, "Pemasukan") | F9: =SUMIFS(Data_Transaksi!H:H, Data_Transaksi!A:A, A9, Data_Transaksi!G:G, "Pengeluaran") | G9: =D9+E9-F9 | H9: =E9-F9 | I9: =IF(H9>=0, "SURPLUS", "DEFISIT")
A10: 2023-08 | B10: 2023 | C10: Agustus | D10: =G9 | E10: =SUMIFS(Data_Transaksi!H:H, Data_Transaksi!A:A, A10, Data_Transaksi!G:G, "Pemasukan") | F10: =SUMIFS(Data_Transaksi!H:H, Data_Transaksi!A:A, A10, Data_Transaksi!G:G, "Pengeluaran") | G10: =D10+E10-F10 | H10: =E10-F10 | I10: =IF(H10>=0, "SURPLUS", "DEFISIT")
A11: 2023-09 | B11: 2023 | C11: September | D11: =G10 | E11: =SUMIFS(Data_Transaksi!H:H, Data_Transaksi!A:A, A11, Data_Transaksi!G:G, "Pemasukan") | F11: =SUMIFS(Data_Transaksi!H:H, Data_Transaksi!A:A, A11, Data_Transaksi!G:G, "Pengeluaran") | G11: =D11+E11-F11 | H11: =E11-F11 | I11: =IF(H11>=0, "SURPLUS", "DEFISIT")
A12: 2023-10 | B12: 2023 | C12: Oktober | D12: =G11 | E12: =SUMIFS(Data_Transaksi!H:H, Data_Transaksi!A:A, A12, Data_Transaksi!G:G, "Pemasukan") | F12: =SUMIFS(Data_Transaksi!H:H, Data_Transaksi!A:A, A12, Data_Transaksi!G:G, "Pengeluaran") | G12: =D12+E12-F12 | H12: =E12-F12 | I12: =IF(H12>=0, "SURPLUS", "DEFISIT")
A13: 2023-11 | B13: 2023 | C13: November | D13: =G12 | E13: =SUMIFS(Data_Transaksi!H:H, Data_Transaksi!A:A, A13, Data_Transaksi!G:G, "Pemasukan") | F13: =SUMIFS(Data_Transaksi!H:H, Data_Transaksi!A:A, A13, Data_Transaksi!G:G, "Pengeluaran") | G13: =D13+E13-F13 | H13: =E13-F13 | I13: =IF(H13>=0, "SURPLUS", "DEFISIT")
A14: 2023-12 | B14: 2023 | C14: Desember | D14: =G13 | E14: =SUMIFS(Data_Transaksi!H:H, Data_Transaksi!A:A, A14, Data_Transaksi!G:G, "Pemasukan") | F14: =SUMIFS(Data_Transaksi!H:H, Data_Transaksi!A:A, A14, Data_Transaksi!G:G, "Pengeluaran") | G14: =D14+E14-F14 | H14: =E14-F14 | I14: =IF(H14>=0, "SURPLUS", "DEFISIT")
A15: 2024-01 | B15: 2024 | C15: Januari | D15: =G14 | E15: =SUMIFS(Data_Transaksi!H:H, Data_Transaksi!A:A, A15, Data_Transaksi!G:G, "Pemasukan") | F15: =SUMIFS(Data_Transaksi!H:H, Data_Transaksi!A:A, A15, Data_Transaksi!G:G, "Pengeluaran") | G15: =D15+E15-F15 | H15: =E15-F15 | I15: =IF(H15>=0, "SURPLUS", "DEFISIT")
A16: 2024-02 | B16: 2024 | C16: Februari | D16: =G15 | E16: =SUMIFS(Data_Transaksi!H:H, Data_Transaksi!A:A, A16, Data_Transaksi!G:G, "Pemasukan") | F16: =SUMIFS(Data_Transaksi!H:H, Data_Transaksi!A:A, A16, Data_Transaksi!G:G, "Pengeluaran") | G16: =D16+E16-F16 | H16: =E16-F16 | I16: =IF(H16>=0, "SURPLUS", "DEFISIT")
A17: 2024-03 | B17: 2024 | C17: Maret | D17: =G16 | E17: =SUMIFS(Data_Transaksi!H:H, Data_Transaksi!A:A, A17, Data_Transaksi!G:G, "Pemasukan") | F17: =SUMIFS(Data_Transaksi!H:H, Data_Transaksi!A:A, A17, Data_Transaksi!G:G, "Pengeluaran") | G17: =D17+E17-F17 | H17: =E17-F17 | I17: =IF(H17>=0, "SURPLUS", "DEFISIT")
... A46: 2026-08 | B46: 2026 | C46: Agustus | D46: =G45 | E46: =SUMIFS(Data_Transaksi!H:H, Data_Transaksi!A:A, A46, Data_Transaksi!G:G, "Pemasukan") | F46: =SUMIFS(Data_Transaksi!H:H, Data_Transaksi!A:A, A46, Data_Transaksi!G:G, "Pengeluaran") | G46: =D46+E46-F46 | H46: =E46-F46 | I46: =IF(H46>=0, "SURPLUS", "DEFISIT")

Sheet Data_Transaksi
A1: BUKU TRANSAKSI HARIAN / POS PENGELUARAN & PEMASUKAN
A3: Input transaksi baru di baris paling bawah. Data bulanan dan dashboard otomatis mendeteksi tanpa copy-paste!
A4: Periode | B4: Tahun | C4: Bulan | D4: No | E4: Keterangan Transaksi | F4: Kategori | G4: Tipe | H4: Nominal (Rp)
A5: 2023-03 | B5: 2023 | C5: Maret | D5: 1 | E5: Dana COS Anggota Bulan Maret 2023 | F5: Pemasukan COS | G5: Pemasukan | H5: 18000000
A6: 2023-03 | B6: 2023 | C6: Maret | D6: 2 | E6: Setor COS dan akomodasi pengurus | F6: Setor COS & Pengurus | G6: Pengeluaran | H6: 9000000
A7: 2023-03 | B7: 2023 | C7: Maret | D7: 3 | E7: Angsuran Mobil | F7: Angsuran Mobil | G7: Pengeluaran | H7: 3800000
A8: 2023-03 | B8: 2023 | C8: Maret | D8: 4 | E8: Suka cita dan Duka cita | F8: Dana Sosial | G8: Pengeluaran | H8: 300000
A9: 2023-03 | B9: 2023 | C9: Maret | D9: 5 | E9: Akomodasi aksi DPR RI (tolak perpu cipta kerja) | F9: Aksi & Advokasi | G9: Pengeluaran | H9: 1500000
A10: 2023-04 | B10: 2023 | C10: April | D10: 6 | E10: Dana COS Anggota Bulan April 2023 | F10: Pemasukan COS | G10: Pemasukan | H10: 18000000
A11: 2023-04 | B11: 2023 | C11: April | D11: 7 | E11: Setor COS dan akomodasi pengurus | F11: Setor COS & Pengurus | G11: Pengeluaran | H11: 9000000
A12: 2023-04 | B12: 2023 | C12: April | D12: 8 | E12: Angsuran Mobil | F12: Angsuran Mobil | G12: Pengeluaran | H12: 3800000
A13: 2023-04 | B13: 2023 | C13: April | D13: 9 | E13: Suka cita dan Duka cita | F13: Dana Sosial | G13: Pengeluaran | H13: 300000
A14: 2023-04 | B14: 2023 | C14: April | D14: 10 | E14: Service rutin mobil | F14: Kendaraan | G14: Pengeluaran | H14: 1500000
A15: 2023-05 | B15: 2023 | C15: Mei | D15: 11 | E15: Dana COS Anggota Bulan Mei 2023 | F15: Pemasukan COS | G15: Pemasukan | H15: 18000000
A16: 2023-05 | B16: 2023 | C16: Mei | D16: 12 | E16: Setor COS dan akomodasi pengurus | F16: Setor COS & Pengurus | G16: Pengeluaran | H16: 9000000
... A253: 2026-08 | B253: 2026 | C253: Agustus | D253: 249 | E253: Akomodasi acara mancing DPC | F253: Olahraga & Kegiatan | G253: Pengeluaran | H253: 500000
E254: TOTAL TRANSAKSI TERCATAT | H254: =SUM(H5:H253)

Sheet Rekap_Pemasukan
A1: REKAPITULASI PEMASUKAN KAS PER KATEGORI & PER TAHUN
A3: Dihitung Otomatis dari Data_Transaksi & Data_Bulanan menggunakan Rumus Dinamis SUMIFS
B5: TOTAL PEMASUKAN KAS | C5: RATA-RATA PEMASUKAN / BULAN | D5: PEMASUKAN TERTINGGI (BULAN) | F5: TARIF COS BULANAN TERAKHIR
B6: =SUM(Data_Bulanan!E5:E1000) | C6: =AVERAGEIF(Data_Bulanan!E5:E1000,">0") | D6: =MAX(Data_Bulanan!E5:E1000) | F6: =LOOKUP(2,1/(Data_Bulanan!E5:E1000<>""),Data_Bulanan!E5:E1000)
B9: I. REKAPITULASI BERDASARKAN SUMBER / KATEGORI PEMASUKAN
A10: No | B10: Sumber / Kategori Pemasukan | C10: 2023 (Rp) | D10: 2024 (Rp) | E10: 2025 (Rp) | F10: 2026 (Rp) | G10: Total Keseluruhan (Rp) | H10: Kontribusi %
A11: 1 | B11: Pemasukan COS | C11: =SUMIFS(Data_Transaksi!$H:$H, Data_Transaksi!$F:$F, $B11, Data_Transaksi!$B:$B, 2023, Data_Transaksi!$G:$G, "Pemasukan") | D11: =SUMIFS(Data_Transaksi!$H:$H, Data_Transaksi!$F:$F, $B11, Data_Transaksi!$B:$B, 2024, Data_Transaksi!$G:$G, "Pemasukan") | E11: =SUMIFS(Data_Transaksi!$H:$H, Data_Transaksi!$F:$F, $B11, Data_Transaksi!$B:$B, 2025, Data_Transaksi!$G:$G, "Pemasukan") | F11: =SUMIFS(Data_Transaksi!$H:$H, Data_Transaksi!$F:$F, $B11, Data_Transaksi!$B:$B, 2026, Data_Transaksi!$G:$G, "Pemasukan") | G11: =SUM(C11:F11) | H11: =IF($G$16>0, G11/$G$16, 0)
A12: 2 | B12: Iuran Sukarela & Sumbangan | C12: =SUMIFS(Data_Transaksi!$H:$H, Data_Transaksi!$F:$F, $B12, Data_Transaksi!$B:$B, 2023, Data_Transaksi!$G:$G, "Pemasukan") | D12: =SUMIFS(Data_Transaksi!$H:$H, Data_Transaksi!$F:$F, $B12, Data_Transaksi!$B:$B, 2024, Data_Transaksi!$G:$G, "Pemasukan") | E12: =SUMIFS(Data_Transaksi!$H:$H, Data_Transaksi!$F:$F, $B12, Data_Transaksi!$B:$B, 2025, Data_Transaksi!$G:$G, "Pemasukan") | F12: =SUMIFS(Data_Transaksi!$H:$H, Data_Transaksi!$F:$F, $B12, Data_Transaksi!$B:$B, 2026, Data_Transaksi!$G:$G, "Pemasukan") | G12: =SUM(C12:F12) | H12: =IF($G$16>0, G12/$G$16, 0)
A13: 3 | B13: Bantuan & Subsidi Organisasi | C13: =SUMIFS(Data_Transaksi!$H:$H, Data_Transaksi!$F:$F, $B13, Data_Transaksi!$B:$B, 2023, Data_Transaksi!$G:$G, "Pemasukan") | D13: =SUMIFS(Data_Transaksi!$H:$H, Data_Transaksi!$F:$F, $B13, Data_Transaksi!$B:$B, 2024, Data_Transaksi!$G:$G, "Pemasukan") | E13: =SUMIFS(Data_Transaksi!$H:$H, Data_Transaksi!$F:$F, $B13, Data_Transaksi!$B:$B, 2025, Data_Transaksi!$G:$G, "Pemasukan") | F13: =SUMIFS(Data_Transaksi!$H:$H, Data_Transaksi!$F:$F, $B13, Data_Transaksi!$B:$B, 2026, Data_Transaksi!$G:$G, "Pemasukan") | G13: =SUM(C13:F13) | H13: =IF($G$16>0, G13/$G$16, 0)
A14: 4 | B14: Hasil Usaha & Merchandise | C14: =SUMIFS(Data_Transaksi!$H:$H, Data_Transaksi!$F:$F, $B14, Data_Transaksi!$B:$B, 2023, Data_Transaksi!$G:$G, "Pemasukan") | D14: =SUMIFS(Data_Transaksi!$H:$H, Data_Transaksi!$F:$F, $B14, Data_Transaksi!$B:$B, 2024, Data_Transaksi!$G:$G, "Pemasukan") | E14: =SUMIFS(Data_Transaksi!$H:$H, Data_Transaksi!$F:$F, $B14, Data_Transaksi!$B:$B, 2025, Data_Transaksi!$G:$G, "Pemasukan") | F14: =SUMIFS(Data_Transaksi!$H:$H, Data_Transaksi!$F:$F, $B14, Data_Transaksi!$B:$B, 2026, Data_Transaksi!$G:$G, "Pemasukan") | G14: =SUM(C14:F14) | H14: =IF($G$16>0, G14/$G$16, 0)
A15: 5 | B15: Pendapatan Lain-lain / Bunga Kas | C15: =SUMIFS(Data_Transaksi!$H:$H, Data_Transaksi!$F:$F, $B15, Data_Transaksi!$B:$B, 2023, Data_Transaksi!$G:$G, "Pemasukan") | D15: =SUMIFS(Data_Transaksi!$H:$H, Data_Transaksi!$F:$F, $B15, Data_Transaksi!$B:$B, 2024, Data_Transaksi!$G:$G, "Pemasukan") | E15: =SUMIFS(Data_Transaksi!$H:$H, Data_Transaksi!$F:$F, $B15, Data_Transaksi!$B:$B, 2025, Data_Transaksi!$G:$G, "Pemasukan") | F15: =SUMIFS(Data_Transaksi!$H:$H, Data_Transaksi!$F:$F, $B15, Data_Transaksi!$B:$B, 2026, Data_Transaksi!$G:$G, "Pemasukan") | G15: =SUM(C15:F15) | H15: =IF($G$16>0, G15/$G$16, 0)
B16: TOTAL PEMASUKAN KAS | C16: =SUM(C11:C15) | D16: =SUM(D11:D15) | E16: =SUM(E11:E15) | F16: =SUM(F11:F15) | G16: =SUM(G11:G15) | H16: =SUM(H11:H15)
B19: II. REKAPITULASI PEMASUKAN BULANAN (JANUARI — DESEMBER)
A20: No | B20: Bulan Transaksi | C20: 2023 (Rp) | D20: 2024 (Rp) | E20: 2025 (Rp) | F20: 2026 (Rp) | G20: Total Akumulasi (Rp) | H20: Rata-rata Bulanan (Rp)
A21: 1 | B21: Januari | C21: =SUMIFS(Data_Bulanan!$E:$E, Data_Bulanan!$B:$B, 2023, Data_Bulanan!$C:$C, $B21) | D21: =SUMIFS(Data_Bulanan!$E:$E, Data_Bulanan!$B:$B, 2024, Data_Bulanan!$C:$C, $B21) | E21: =SUMIFS(Data_Bulanan!$E:$E, Data_Bulanan!$B:$B, 2025, Data_Bulanan!$C:$C, $B21) | F21: =SUMIFS(Data_Bulanan!$E:$E, Data_Bulanan!$B:$B, 2026, Data_Bulanan!$C:$C, $B21) | G21: =SUM(C21:F21) | H21: =IFERROR(AVERAGEIF(C21:F21, ">0"), 0)
A22: 2 | B22: Februari | C22: =SUMIFS(Data_Bulanan!$E:$E, Data_Bulanan!$B:$B, 2023, Data_Bulanan!$C:$C, $B22) | D22: =SUMIFS(Data_Bulanan!$E:$E, Data_Bulanan!$B:$B, 2024, Data_Bulanan!$C:$C, $B22) | E22: =SUMIFS(Data_Bulanan!$E:$E, Data_Bulanan!$B:$B, 2025, Data_Bulanan!$C:$C, $B22) | F22: =SUMIFS(Data_Bulanan!$E:$E, Data_Bulanan!$B:$B, 2026, Data_Bulanan!$C:$C, $B22) | G22: =SUM(C22:F22) | H22: =IFERROR(AVERAGEIF(C22:F22, ">0"), 0)
A23: 3 | B23: Maret | C23: =SUMIFS(Data_Bulanan!$E:$E, Data_Bulanan!$B:$B, 2023, Data_Bulanan!$C:$C, $B23) | D23: =SUMIFS(Data_Bulanan!$E:$E, Data_Bulanan!$B:$B, 2024, Data_Bulanan!$C:$C, $B23) | E23: =SUMIFS(Data_Bulanan!$E:$E, Data_Bulanan!$B:$B, 2025, Data_Bulanan!$C:$C, $B23) | F23: =SUMIFS(Data_Bulanan!$E:$E, Data_Bulanan!$B:$B, 2026, Data_Bulanan!$C:$C, $B23) | G23: =SUM(C23:F23) | H23: =IFERROR(AVERAGEIF(C23:F23, ">0"), 0)
A24: 4 | B24: April | C24: =SUMIFS(Data_Bulanan!$E:$E, Data_Bulanan!$B:$B, 2023, Data_Bulanan!$C:$C, $B24) | D24: =SUMIFS(Data_Bulanan!$E:$E, Data_Bulanan!$B:$B, 2024, Data_Bulanan!$C:$C, $B24) | E24: =SUMIFS(Data_Bulanan!$E:$E, Data_Bulanan!$B:$B, 2025, Data_Bulanan!$C:$C, $B24) | F24: =SUMIFS(Data_Bulanan!$E:$E, Data_Bulanan!$B:$B, 2026, Data_Bulanan!$C:$C, $B24) | G24: =SUM(C24:F24) | H24: =IFERROR(AVERAGEIF(C24:F24, ">0"), 0)
A25: 5 | B25: Mei | C25: =SUMIFS(Data_Bulanan!$E:$E, Data_Bulanan!$B:$B, 2023, Data_Bulanan!$C:$C, $B25) | D25: =SUMIFS(Data_Bulanan!$E:$E, Data_Bulanan!$B:$B, 2024, Data_Bulanan!$C:$C, $B25) | E25: =SUMIFS(Data_Bulanan!$E:$E, Data_Bulanan!$B:$B, 2025, Data_Bulanan!$C:$C, $B25) | F25: =SUMIFS(Data_Bulanan!$E:$E, Data_Bulanan!$B:$B, 2026, Data_Bulanan!$C:$C, $B25) | G25: =SUM(C25:F25) | H25: =IFERROR(AVERAGEIF(C25:F25, ">0"), 0)
A26: 6 | B26: Juni | C26: =SUMIFS(Data_Bulanan!$E:$E, Data_Bulanan!$B:$B, 2023, Data_Bulanan!$C:$C, $B26) | D26: =SUMIFS(Data_Bulanan!$E:$E, Data_Bulanan!$B:$B, 2024, Data_Bulanan!$C:$C, $B26) | E26: =SUMIFS(Data_Bulanan!$E:$E, Data_Bulanan!$B:$B, 2025, Data_Bulanan!$C:$C, $B26) | F26: =SUMIFS(Data_Bulanan!$E:$E, Data_Bulanan!$B:$B, 2026, Data_Bulanan!$C:$C, $B26) | G26: =SUM(C26:F26) | H26: =IFERROR(AVERAGEIF(C26:F26, ">0"), 0)
A27: 7 | B27: Juli | C27: =SUMIFS(Data_Bulanan!$E:$E, Data_Bulanan!$B:$B, 2023, Data_Bulanan!$C:$C, $B27) | D27: =SUMIFS(Data_Bulanan!$E:$E, Data_Bulanan!$B:$B, 2024, Data_Bulanan!$C:$C, $B27) | E27: =SUMIFS(Data_Bulanan!$E:$E, Data_Bulanan!$B:$B, 2025, Data_Bulanan!$C:$C, $B27) | F27: =SUMIFS(Data_Bulanan!$E:$E, Data_Bulanan!$B:$B, 2026, Data_Bulanan!$C:$C, $B27) | G27: =SUM(C27:F27) | H27: =IFERROR(AVERAGEIF(C27:F27, ">0"), 0)
A28: 8 | B28: Agustus | C28: =SUMIFS(Data_Bulanan!$E:$E, Data_Bulanan!$B:$B, 2023, Data_Bulanan!$C:$C, $B28) | D28: =SUMIFS(Data_Bulanan!$E:$E, Data_Bulanan!$B:$B, 2024, Data_Bulanan!$C:$C, $B28) | E28: =SUMIFS(Data_Bulanan!$E:$E, Data_Bulanan!$B:$B, 2025, Data_Bulanan!$C:$C, $B28) | F28: =SUMIFS(Data_Bulanan!$E:$E, Data_Bulanan!$B:$B, 2026, Data_Bulanan!$C:$C, $B28) | G28: =SUM(C28:F28) | H28: =IFERROR(AVERAGEIF(C28:F28, ">0"), 0)
A29: 9 | B29: September | C29: =SUMIFS(Data_Bulanan!$E:$E, Data_Bulanan!$B:$B, 2023, Data_Bulanan!$C:$C, $B29) | D29: =SUMIFS(Data_Bulanan!$E:$E, Data_Bulanan!$B:$B, 2024, Data_Bulanan!$C:$C, $B29) | E29: =SUMIFS(Data_Bulanan!$E:$E, Data_Bulanan!$B:$B, 2025, Data_Bulanan!$C:$C, $B29) | F29: =SUMIFS(Data_Bulanan!$E:$E, Data_Bulanan!$B:$B, 2026, Data_Bulanan!$C:$C, $B29) | G29: =SUM(C29:F29) | H29: =IFERROR(AVERAGEIF(C29:F29, ">0"), 0)
A30: 10 | B30: Oktober | C30: =SUMIFS(Data_Bulanan!$E:$E, Data_Bulanan!$B:$B, 2023, Data_Bulanan!$C:$C, $B30) | D30: =SUMIFS(Data_Bulanan!$E:$E, Data_Bulanan!$B:$B, 2024, Data_Bulanan!$C:$C, $B30) | E30: =SUMIFS(Data_Bulanan!$E:$E, Data_Bulanan!$B:$B, 2025, Data_Bulanan!$C:$C, $B30) | F30: =SUMIFS(Data_Bulanan!$E:$E, Data_Bulanan!$B:$B, 2026, Data_Bulanan!$C:$C, $B30) | G30: =SUM(C30:F30) | H30: =IFERROR(AVERAGEIF(C30:F30, ">0"), 0)
A31: 11 | B31: November | C31: =SUMIFS(Data_Bulanan!$E:$E, Data_Bulanan!$B:$B, 2023, Data_Bulanan!$C:$C, $B31) | D31: =SUMIFS(Data_Bulanan!$E:$E, Data_Bulanan!$B:$B, 2024, Data_Bulanan!$C:$C, $B31) | E31: =SUMIFS(Data_Bulanan!$E:$E, Data_Bulanan!$B:$B, 2025, Data_Bulanan!$C:$C, $B31) | F31: =SUMIFS(Data_Bulanan!$E:$E, Data_Bulanan!$B:$B, 2026, Data_Bulanan!$C:$C, $B31) | G31: =SUM(C31:F31) | H31: =IFERROR(AVERAGEIF(C31:F31, ">0"), 0)
A32: 12 | B32: Desember | C32: =SUMIFS(Data_Bulanan!$E:$E, Data_Bulanan!$B:$B, 2023, Data_Bulanan!$C:$C, $B32) | D32: =SUMIFS(Data_Bulanan!$E:$E, Data_Bulanan!$B:$B, 2024, Data_Bulanan!$C:$C, $B32) | E32: =SUMIFS(Data_Bulanan!$E:$E, Data_Bulanan!$B:$B, 2025, Data_Bulanan!$C:$C, $B32) | F32: =SUMIFS(Data_Bulanan!$E:$E, Data_Bulanan!$B:$B, 2026, Data_Bulanan!$C:$C, $B32) | G32: =SUM(C32:F32) | H32: =IFERROR(AVERAGEIF(C32:F32, ">0"), 0)
B33: TOTAL PEMASUKAN BULANAN | C33: =SUM(C21:C32) | D33: =SUM(D21:D32) | E33: =SUM(E21:E32) | F33: =SUM(F21:F32) | G33: =SUM(G21:G32) | H33: =IFERROR(AVERAGEIF(H21:H32, ">0"), 0)

Sheet Rekap_Kategori
A1: REKAPITULASI PENGELUARAN PER KATEGORI & PER TAHUN
A3: Dihitung Otomatis dari Data_Transaksi menggunakan Rumus SUMIFS(Nominal, Kategori, Tahun, "Pengeluaran")
A4: No | B4: Kategori Pengeluaran | C4: 2023 (Rp) | D4: 2024 (Rp) | E4: 2025 (Rp) | F4: 2026 (Rp) | G4: Total Keseluruhan (Rp) | H4: Kontribusi %
A5: 1 | B5: Setor COS & Pengurus | C5: =SUMIFS(Data_Transaksi!$H:$H, Data_Transaksi!$F:$F, $B5, Data_Transaksi!$B:$B, 2023, Data_Transaksi!$G:$G, "Pengeluaran") | D5: =SUMIFS(Data_Transaksi!$H:$H, Data_Transaksi!$F:$F, $B5, Data_Transaksi!$B:$B, 2024, Data_Transaksi!$G:$G, "Pengeluaran") | E5: =SUMIFS(Data_Transaksi!$H:$H, Data_Transaksi!$F:$F, $B5, Data_Transaksi!$B:$B, 2025, Data_Transaksi!$G:$G, "Pengeluaran") | F5: =SUMIFS(Data_Transaksi!$H:$H, Data_Transaksi!$F:$F, $B5, Data_Transaksi!$B:$B, 2026, Data_Transaksi!$G:$G, "Pengeluaran") | G5: =SUM(C5:F5) | H5: =G5/$G$20
A6: 2 | B6: Angsuran Mobil | C6: =SUMIFS(Data_Transaksi!$H:$H, Data_Transaksi!$F:$F, $B6, Data_Transaksi!$B:$B, 2023, Data_Transaksi!$G:$G, "Pengeluaran") | D6: =SUMIFS(Data_Transaksi!$H:$H, Data_Transaksi!$F:$F, $B6, Data_Transaksi!$B:$B, 2024, Data_Transaksi!$G:$G, "Pengeluaran") | E6: =SUMIFS(Data_Transaksi!$H:$H, Data_Transaksi!$F:$F, $B6, Data_Transaksi!$B:$B, 2025, Data_Transaksi!$G:$G, "Pengeluaran") | F6: =SUMIFS(Data_Transaksi!$H:$H, Data_Transaksi!$F:$F, $B6, Data_Transaksi!$B:$B, 2026, Data_Transaksi!$G:$G, "Pengeluaran") | G6: =SUM(C6:F6) | H6: =G6/$G$20
A7: 3 | B7: Aksi & Advokasi | C7: =SUMIFS(Data_Transaksi!$H:$H, Data_Transaksi!$F:$F, $B7, Data_Transaksi!$B:$B, 2023, Data_Transaksi!$G:$G, "Pengeluaran") | D7: =SUMIFS(Data_Transaksi!$H:$H, Data_Transaksi!$F:$F, $B7, Data_Transaksi!$B:$B, 2024, Data_Transaksi!$G:$G, "Pengeluaran") | E7: =SUMIFS(Data_Transaksi!$H:$H, Data_Transaksi!$F:$F, $B7, Data_Transaksi!$B:$B, 2025, Data_Transaksi!$G:$G, "Pengeluaran") | F7: =SUMIFS(Data_Transaksi!$H:$H, Data_Transaksi!$F:$F, $B7, Data_Transaksi!$B:$B, 2026, Data_Transaksi!$G:$G, "Pengeluaran") | G7: =SUM(C7:F7) | H7: =G7/$G$20
A8: 4 | B8: Kendaraan | C8: =SUMIFS(Data_Transaksi!$H:$H, Data_Transaksi!$F:$F, $B8, Data_Transaksi!$B:$B, 2023, Data_Transaksi!$G:$G, "Pengeluaran") | D8: =SUMIFS(Data_Transaksi!$H:$H, Data_Transaksi!$F:$F, $B8, Data_Transaksi!$B:$B, 2024, Data_Transaksi!$G:$G, "Pengeluaran") | E8: =SUMIFS(Data_Transaksi!$H:$H, Data_Transaksi!$F:$F, $B8, Data_Transaksi!$B:$B, 2025, Data_Transaksi!$G:$G, "Pengeluaran") | F8: =SUMIFS(Data_Transaksi!$H:$H, Data_Transaksi!$F:$F, $B8, Data_Transaksi!$B:$B, 2026, Data_Transaksi!$G:$G, "Pengeluaran") | G8: =SUM(C8:F8) | H8: =G8/$G$20
A9: 5 | B9: Kegiatan Organisasi | C9: =SUMIFS(Data_Transaksi!$H:$H, Data_Transaksi!$F:$F, $B9, Data_Transaksi!$B:$B, 2023, Data_Transaksi!$G:$G, "Pengeluaran") | D9: =SUMIFS(Data_Transaksi!$H:$H, Data_Transaksi!$F:$F, $B9, Data_Transaksi!$B:$B, 2024, Data_Transaksi!$G:$G, "Pengeluaran") | E9: =SUMIFS(Data_Transaksi!$H:$H, Data_Transaksi!$F:$F, $B9, Data_Transaksi!$B:$B, 2025, Data_Transaksi!$G:$G, "Pengeluaran") | F9: =SUMIFS(Data_Transaksi!$H:$H, Data_Transaksi!$F:$F, $B9, Data_Transaksi!$B:$B, 2026, Data_Transaksi!$G:$G, "Pengeluaran") | G9: =SUM(C9:F9) | H9: =G9/$G$20
A10: 6 | B10: May Day | C10: =SUMIFS(Data_Transaksi!$H:$H, Data_Transaksi!$F:$F, $B10, Data_Transaksi!$B:$B, 2023, Data_Transaksi!$G:$G, "Pengeluaran") | D10: =SUMIFS(Data_Transaksi!$H:$H, Data_Transaksi!$F:$F, $B10, Data_Transaksi!$B:$B, 2024, Data_Transaksi!$G:$G, "Pengeluaran") | E10: =SUMIFS(Data_Transaksi!$H:$H, Data_Transaksi!$F:$F, $B10, Data_Transaksi!$B:$B, 2025, Data_Transaksi!$G:$G, "Pengeluaran") | F10: =SUMIFS(Data_Transaksi!$H:$H, Data_Transaksi!$F:$F, $B10, Data_Transaksi!$B:$B, 2026, Data_Transaksi!$G:$G, "Pengeluaran") | G10: =SUM(C10:F10) | H10: =G10/$G$20
A11: 7 | B11: Dana Sosial | C11: =SUMIFS(Data_Transaksi!$H:$H, Data_Transaksi!$F:$F, $B11, Data_Transaksi!$B:$B, 2023, Data_Transaksi!$G:$G, "Pengeluaran") | D11: =SUMIFS(Data_Transaksi!$H:$H, Data_Transaksi!$F:$F, $B11, Data_Transaksi!$B:$B, 2024, Data_Transaksi!$G:$G, "Pengeluaran") | E11: =SUMIFS(Data_Transaksi!$H:$H, Data_Transaksi!$F:$F, $B11, Data_Transaksi!$B:$B, 2025, Data_Transaksi!$G:$G, "Pengeluaran") | F11: =SUMIFS(Data_Transaksi!$H:$H, Data_Transaksi!$F:$F, $B11, Data_Transaksi!$B:$B, 2026, Data_Transaksi!$G:$G, "Pengeluaran") | G11: =SUM(C11:F11) | H11: =G11/$G$20
A12: 8 | B12: THR & Bonus | C12: =SUMIFS(Data_Transaksi!$H:$H, Data_Transaksi!$F:$F, $B12, Data_Transaksi!$B:$B, 2023, Data_Transaksi!$G:$G, "Pengeluaran") | D12: =SUMIFS(Data_Transaksi!$H:$H, Data_Transaksi!$F:$F, $B12, Data_Transaksi!$B:$B, 2024, Data_Transaksi!$G:$G, "Pengeluaran") | E12: =SUMIFS(Data_Transaksi!$H:$H, Data_Transaksi!$F:$F, $B12, Data_Transaksi!$B:$B, 2025, Data_Transaksi!$G:$G, "Pengeluaran") | F12: =SUMIFS(Data_Transaksi!$H:$H, Data_Transaksi!$F:$F, $B12, Data_Transaksi!$B:$B, 2026, Data_Transaksi!$G:$G, "Pengeluaran") | G12: =SUM(C12:F12) | H12: =G12/$G$20
A13: 9 | B13: Olahraga & Kegiatan | C13: =SUMIFS(Data_Transaksi!$H:$H, Data_Transaksi!$F:$F, $B13, Data_Transaksi!$B:$B, 2023, Data_Transaksi!$G:$G, "Pengeluaran") | D13: =SUMIFS(Data_Transaksi!$H:$H, Data_Transaksi!$F:$F, $B13, Data_Transaksi!$B:$B, 2024, Data_Transaksi!$G:$G, "Pengeluaran") | E13: =SUMIFS(Data_Transaksi!$H:$H, Data_Transaksi!$F:$F, $B13, Data_Transaksi!$B:$B, 2025, Data_Transaksi!$G:$G, "Pengeluaran") | F13: =SUMIFS(Data_Transaksi!$H:$H, Data_Transaksi!$F:$F, $B13, Data_Transaksi!$B:$B, 2026, Data_Transaksi!$G:$G, "Pengeluaran") | G13: =SUM(C13:F13) | H13: =G13/$G$20
A14: 10 | B14: Perlengkapan & Atribut | C14: =SUMIFS(Data_Transaksi!$H:$H, Data_Transaksi!$F:$F, $B14, Data_Transaksi!$B:$B, 2023, Data_Transaksi!$G:$G, "Pengeluaran") | D14: =SUMIFS(Data_Transaksi!$H:$H, Data_Transaksi!$F:$F, $B14, Data_Transaksi!$B:$B, 2024, Data_Transaksi!$G:$G, "Pengeluaran") | E14: =SUMIFS(Data_Transaksi!$H:$H, Data_Transaksi!$F:$F, $B14, Data_Transaksi!$B:$B, 2025, Data_Transaksi!$G:$G, "Pengeluaran") | F14: =SUMIFS(Data_Transaksi!$H:$H, Data_Transaksi!$F:$F, $B14, Data_Transaksi!$B:$B, 2026, Data_Transaksi!$G:$G, "Pengeluaran") | G14: =SUM(C14:F14) | H14: =G14/$G$20
A15: 11 | B15: Konsumsi & Kegiatan | C15: =SUMIFS(Data_Transaksi!$H:$H, Data_Transaksi!$F:$F, $B15, Data_Transaksi!$B:$B, 2023, Data_Transaksi!$G:$G, "Pengeluaran") | D15: =SUMIFS(Data_Transaksi!$H:$H, Data_Transaksi!$F:$F, $B15, Data_Transaksi!$B:$B, 2024, Data_Transaksi!$G:$G, "Pengeluaran") | E15: =SUMIFS(Data_Transaksi!$H:$H, Data_Transaksi!$F:$F, $B15, Data_Transaksi!$B:$B, 2025, Data_Transaksi!$G:$G, "Pengeluaran") | F15: =SUMIFS(Data_Transaksi!$H:$H, Data_Transaksi!$F:$F, $B15, Data_Transaksi!$B:$B, 2026, Data_Transaksi!$G:$G, "Pengeluaran") | G15: =SUM(C15:F15) | H15: =G15/$G$20
A16: 12 | B16: Aset & Operasional | C16: =SUMIFS(Data_Transaksi!$H:$H, Data_Transaksi!$F:$F, $B16, Data_Transaksi!$B:$B, 2023, Data_Transaksi!$G:$G, "Pengeluaran") | D16: =SUMIFS(Data_Transaksi!$H:$H, Data_Transaksi!$F:$F, $B16, Data_Transaksi!$B:$B, 2024, Data_Transaksi!$G:$G, "Pengeluaran") | E16: =SUMIFS(Data_Transaksi!$H:$H, Data_Transaksi!$F:$F, $B16, Data_Transaksi!$B:$B, 2025, Data_Transaksi!$G:$G, "Pengeluaran") | F16: =SUMIFS(Data_Transaksi!$H:$H, Data_Transaksi!$F:$F, $B16, Data_Transaksi!$B:$B, 2026, Data_Transaksi!$G:$G, "Pengeluaran") | G16: =SUM(C16:F16) | H16: =G16/$G$20
... A19: 15 | B19: Penghargaan Karyawan | C19: =SUMIFS(Data_Transaksi!$H:$H, Data_Transaksi!$F:$F, $B19, Data_Transaksi!$B:$B, 2023, Data_Transaksi!$G:$G, "Pengeluaran") | D19: =SUMIFS(Data_Transaksi!$H:$H, Data_Transaksi!$F:$F, $B19, Data_Transaksi!$B:$B, 2024, Data_Transaksi!$G:$G, "Pengeluaran") | E19: =SUMIFS(Data_Transaksi!$H:$H, Data_Transaksi!$F:$F, $B19, Data_Transaksi!$B:$B, 2025, Data_Transaksi!$G:$G, "Pengeluaran") | F19: =SUMIFS(Data_Transaksi!$H:$H, Data_Transaksi!$F:$F, $B19, Data_Transaksi!$B:$B, 2026, Data_Transaksi!$G:$G, "Pengeluaran") | G19: =SUM(C19:F19) | H19: =G19/$G$20
B20: TOTAL PENGELUARAN | C20: =SUM(C5:C19) | D20: =SUM(D5:D19) | E20: =SUM(E5:E19) | F20: =SUM(F5:F19) | G20: =SUM(G5:G19) | H20: =SUM(H5:H19)
